"","iso_code","location","date","total_cases","new_cases","total_deaths","new_deaths","total_tests","new_tests","positive_rate","tests_per_case","total_vaccinations","new_vaccinations","people_vaccinated","people_vaccinated_per_hundred","people_fully_vaccinated","people_fully_vaccinated_per_hundred"
"1","CHL","Chile",2020-02-23,2,2,NA,NA,NA,NA,NA,NA,NA,NA,NA,NA,NA,NA
"2","CHL","Chile",2020-02-24,2,0,NA,NA,NA,NA,NA,NA,NA,NA,NA,NA,NA,NA
"3","CHL","Chile",2020-02-25,2,0,NA,NA,NA,NA,NA,NA,NA,NA,NA,NA,NA,NA
"4","CHL","Chile",2020-02-26,2,0,NA,NA,NA,NA,NA,NA,NA,NA,NA,NA,NA,NA
"5","CHL","Chile",2020-02-27,2,0,NA,NA,NA,NA,NA,NA,NA,NA,NA,NA,NA,NA
"6","CHL","Chile",2020-02-28,2,0,NA,NA,NA,NA,NA,NA,NA,NA,NA,NA,NA,NA
"7","CHL","Chile",2020-02-29,2,0,NA,NA,NA,NA,NA,NA,NA,NA,NA,NA,NA,NA
"8","CHL","Chile",2020-03-01,9,7,NA,NA,NA,NA,NA,NA,NA,NA,NA,NA,NA,NA
"9","CHL","Chile",2020-03-02,9,0,NA,NA,NA,NA,NA,NA,NA,NA,NA,NA,NA,NA
"10","CHL","Chile",2020-03-03,10,1,NA,NA,NA,NA,NA,NA,NA,NA,NA,NA,NA,NA
"11","CHL","Chile",2020-03-04,10,0,NA,NA,NA,NA,NA,NA,NA,NA,NA,NA,NA,NA
"12","CHL","Chile",2020-03-05,13,3,NA,NA,NA,NA,NA,NA,NA,NA,NA,NA,NA,NA
"13","CHL","Chile",2020-03-06,13,0,NA,NA,NA,NA,NA,NA,NA,NA,NA,NA,NA,NA
"14","CHL","Chile",2020-03-07,13,0,NA,NA,NA,NA,NA,NA,NA,NA,NA,NA,NA,NA
"15","CHL","Chile",2020-03-08,20,7,NA,NA,NA,NA,NA,NA,NA,NA,NA,NA,NA,NA
"16","CHL","Chile",2020-03-09,20,0,NA,NA,NA,NA,NA,NA,NA,NA,NA,NA,NA,NA
"17","CHL","Chile",2020-03-10,25,5,NA,NA,NA,NA,NA,NA,NA,NA,NA,NA,NA,NA
"18","CHL","Chile",2020-03-11,35,10,NA,NA,NA,NA,NA,NA,NA,NA,NA,NA,NA,NA
"19","CHL","Chile",2020-03-12,35,0,NA,NA,NA,NA,NA,NA,NA,NA,NA,NA,NA,NA
"20","CHL","Chile",2020-03-13,55,20,NA,NA,NA,NA,NA,NA,NA,NA,NA,NA,NA,NA
"21","CHL","Chile",2020-03-14,88,33,NA,NA,NA,NA,NA,NA,NA,NA,NA,NA,NA,NA
"22","CHL","Chile",2020-03-15,101,13,NA,NA,NA,NA,NA,NA,NA,NA,NA,NA,NA,NA
"23","CHL","Chile",2020-03-16,182,81,NA,NA,NA,NA,NA,NA,NA,NA,NA,NA,NA,NA
"24","CHL","Chile",2020-03-17,228,46,NA,NA,NA,NA,NA,NA,NA,NA,NA,NA,NA,NA
"25","CHL","Chile",2020-03-18,265,37,NA,NA,NA,NA,NA,NA,NA,NA,NA,NA,NA,NA
"26","CHL","Chile",2020-03-19,265,0,NA,NA,NA,NA,NA,NA,NA,NA,NA,NA,NA,NA
"27","CHL","Chile",2020-03-20,461,196,NA,NA,NA,NA,NA,NA,NA,NA,NA,NA,NA,NA
"28","CHL","Chile",2020-03-21,592,131,NA,NA,NA,NA,NA,NA,NA,NA,NA,NA,NA,NA
"29","CHL","Chile",2020-03-22,687,95,1,1,NA,NA,NA,NA,NA,NA,NA,NA,NA,NA
"30","CHL","Chile",2020-03-23,801,114,2,1,NA,NA,NA,NA,NA,NA,NA,NA,NA,NA
"31","CHL","Chile",2020-03-24,977,176,2,0,NA,NA,NA,NA,NA,NA,NA,NA,NA,NA
"32","CHL","Chile",2020-03-25,1197,220,3,1,3290,3290,NA,NA,NA,NA,NA,NA,NA,NA
"33","CHL","Chile",2020-03-26,1361,164,4,1,8176,4886,NA,NA,NA,NA,NA,NA,NA,NA
"34","CHL","Chile",2020-03-27,1665,304,5,1,15563,7387,NA,NA,NA,NA,NA,NA,NA,NA
"35","CHL","Chile",2020-03-28,2015,350,6,1,19097,3534,NA,NA,NA,NA,NA,NA,NA,NA
"36","CHL","Chile",2020-03-29,2245,230,7,1,20874,1777,NA,NA,NA,NA,NA,NA,NA,NA
"37","CHL","Chile",2020-03-30,2555,310,8,1,24554,3680,NA,NA,NA,NA,NA,NA,NA,NA
"38","CHL","Chile",2020-03-31,2844,289,12,4,27600,3046,NA,NA,NA,NA,NA,NA,NA,NA
"39","CHL","Chile",2020-04-01,3137,293,16,4,30498,2898,0.071,14,NA,NA,NA,NA,NA,NA
"40","CHL","Chile",2020-04-02,3510,373,18,2,33183,2685,0.086,11.6,NA,NA,NA,NA,NA,NA
"41","CHL","Chile",2020-04-03,3843,333,22,4,36588,3405,0.104,9.7,NA,NA,NA,NA,NA,NA
"42","CHL","Chile",2020-04-04,4355,512,27,5,41071,4483,0.106,9.4,NA,NA,NA,NA,NA,NA
"43","CHL","Chile",2020-04-05,4665,310,34,7,44414,3343,0.103,9.7,NA,NA,NA,NA,NA,NA
"44","CHL","Chile",2020-04-06,5009,344,37,3,47322,2908,0.108,9.3,NA,NA,NA,NA,NA,NA
"45","CHL","Chile",2020-04-07,5310,301,43,6,49580,2258,0.112,8.9,NA,NA,NA,NA,NA,NA
"46","CHL","Chile",2020-04-08,5740,430,48,5,52849,3269,0.116,8.6,NA,NA,NA,NA,NA,NA
"47","CHL","Chile",2020-04-09,6166,426,57,9,60811,7962,0.096,10.4,NA,NA,NA,NA,NA,NA
"48","CHL","Chile",2020-04-10,6695,529,65,8,65255,4444,0.099,10.1,NA,NA,NA,NA,NA,NA
"49","CHL","Chile",2020-04-11,7366,671,73,8,68832,3577,0.108,9.2,NA,NA,NA,NA,NA,NA
"50","CHL","Chile",2020-04-12,7652,286,80,7,74729,5897,0.099,10.1,NA,NA,NA,NA,NA,NA
"51","CHL","Chile",2020-04-13,7964,312,82,2,77493,2764,0.098,10.2,NA,NA,NA,NA,NA,NA
"52","CHL","Chile",2020-04-14,8356,392,92,10,80252,2759,0.099,10.1,NA,NA,NA,NA,NA,NA
"53","CHL","Chile",2020-04-15,8712,356,94,2,84331,4079,0.094,10.6,NA,NA,NA,NA,NA,NA
"54","CHL","Chile",2020-04-16,9246,534,105,11,90882,6551,0.102,9.8,NA,NA,NA,NA,NA,NA
"55","CHL","Chile",2020-04-17,9691,445,116,11,96331,5449,0.096,10.4,NA,NA,NA,NA,NA,NA
"56","CHL","Chile",2020-04-18,10598,907,126,10,101349,5018,0.099,10.1,NA,NA,NA,NA,NA,NA
"57","CHL","Chile",2020-04-19,10956,358,133,7,106107,4758,0.105,9.5,NA,NA,NA,NA,NA,NA
"58","CHL","Chile",2020-04-20,11375,419,139,6,111285,5178,0.101,9.9,NA,NA,NA,NA,NA,NA
"59","CHL","Chile",2020-04-21,11700,325,147,8,114815,3530,0.097,10.3,NA,NA,NA,NA,NA,NA
"60","CHL","Chile",2020-04-22,12164,464,160,13,121180,6365,0.094,10.7,NA,NA,NA,NA,NA,NA
"61","CHL","Chile",2020-04-23,12680,516,168,8,127605,6425,0.094,10.7,NA,NA,NA,NA,NA,NA
"62","CHL","Chile",2020-04-24,13174,494,174,6,134725,7120,0.091,11,NA,NA,NA,NA,NA,NA
"63","CHL","Chile",2020-04-25,14537,1363,181,7,141670,6945,0.098,10.2,NA,NA,NA,NA,NA,NA
"64","CHL","Chile",2020-04-26,15010,473,189,8,148433,6763,0.096,10.4,NA,NA,NA,NA,NA,NA
"65","CHL","Chile",2020-04-27,15492,482,198,9,153693,5260,0.097,10.3,NA,NA,NA,NA,NA,NA
"66","CHL","Chile",2020-04-28,16044,552,207,9,158623,4930,0.099,10.1,NA,NA,NA,NA,NA,NA
"67","CHL","Chile",2020-04-29,16564,520,216,9,165077,6454,0.1,10,NA,NA,NA,NA,NA,NA
"68","CHL","Chile",2020-04-30,17702,1138,227,11,172975,7898,0.111,9,NA,NA,NA,NA,NA,NA
"69","CHL","Chile",2020-05-01,18687,985,234,7,181891,8916,0.117,8.6,NA,NA,NA,NA,NA,NA
"70","CHL","Chile",2020-05-02,21213,2526,247,13,191858,9967,0.133,7.5,NA,NA,NA,NA,NA,NA
"71","CHL","Chile",2020-05-03,22441,1228,260,13,198676,6818,0.148,6.8,NA,NA,NA,NA,NA,NA
"72","CHL","Chile",2020-05-04,23421,980,270,10,206589,7913,0.15,6.7,NA,NA,NA,NA,NA,NA
"73","CHL","Chile",2020-05-05,24794,1373,275,5,214553,7964,0.156,6.4,NA,NA,NA,NA,NA,NA
"74","CHL","Chile",2020-05-06,25826,1032,281,6,224566,10013,0.156,6.4,NA,NA,NA,NA,NA,NA
"75","CHL","Chile",2020-05-07,27359,1533,285,4,236684,12118,0.152,6.6,NA,NA,NA,NA,NA,NA
"76","CHL","Chile",2020-05-08,28750,1391,294,9,248419,11735,0.151,6.6,NA,NA,NA,NA,NA,NA
"77","CHL","Chile",2020-05-09,32208,3458,304,10,260362,11943,0.161,6.2,NA,NA,NA,NA,NA,NA
"78","CHL","Chile",2020-05-10,33855,1647,312,8,273142,12780,0.153,6.5,NA,NA,NA,NA,NA,NA
"79","CHL","Chile",2020-05-11,35052,1197,323,11,286515,13373,0.146,6.9,NA,NA,NA,NA,NA,NA
"80","CHL","Chile",2020-05-12,36710,1658,335,12,295798,9283,0.147,6.8,NA,NA,NA,NA,NA,NA
"81","CHL","Chile",2020-05-13,39370,2660,346,11,306208,10410,0.166,6,NA,NA,NA,NA,NA,NA
"82","CHL","Chile",2020-05-14,42029,2659,368,22,317710,11502,0.181,5.5,NA,NA,NA,NA,NA,NA
"83","CHL","Chile",2020-05-15,44531,2502,394,26,333805,16095,0.185,5.4,NA,NA,NA,NA,NA,NA
"84","CHL","Chile",2020-05-16,50016,5485,421,27,342618,8813,0.216,4.6,NA,NA,NA,NA,NA,NA
"85","CHL","Chile",2020-05-17,52369,2353,450,29,355789,13171,0.224,4.5,NA,NA,NA,NA,NA,NA
"86","CHL","Chile",2020-05-18,54647,2278,478,28,373304,17515,0.226,4.4,NA,NA,NA,NA,NA,NA
"87","CHL","Chile",2020-05-19,58167,3520,509,31,389493,16189,0.229,4.4,NA,NA,NA,NA,NA,NA
"88","CHL","Chile",2020-05-20,62205,4038,544,35,401962,12469,0.238,4.2,NA,NA,NA,NA,NA,NA
"89","CHL","Chile",2020-05-21,66169,3964,589,45,418296,16334,0.24,4.2,NA,NA,NA,NA,NA,NA
"90","CHL","Chile",2020-05-22,70445,4276,630,41,434386,16090,0.258,3.9,NA,NA,NA,NA,NA,NA
"91","CHL","Chile",2020-05-23,80287,9842,673,43,449625,15239,0.283,3.5,NA,NA,NA,NA,NA,NA
"92","CHL","Chile",2020-05-24,83996,3709,718,45,464051,14426,0.292,3.4,NA,NA,NA,NA,NA,NA
"93","CHL","Chile",2020-05-25,88891,4895,761,43,480334,16283,0.32,3.1,NA,NA,NA,NA,NA,NA
"94","CHL","Chile",2020-05-26,92855,3964,806,45,493418,13084,0.334,3,NA,NA,NA,NA,NA,NA
"95","CHL","Chile",2020-05-27,97183,4328,841,35,506816,13398,0.334,3,NA,NA,NA,NA,NA,NA
"96","CHL","Chile",2020-05-28,101837,4654,890,49,522466,15650,0.342,2.9,NA,NA,NA,NA,NA,NA
"97","CHL","Chile",2020-05-29,105532,3695,944,54,538799,16333,0.336,3,NA,NA,NA,NA,NA,NA
"98","CHL","Chile",2020-05-30,118720,13188,997,53,555613,16814,0.363,2.8,NA,NA,NA,NA,NA,NA
"99","CHL","Chile",2020-05-31,123550,4830,1054,57,574733,19120,0.357,2.8,NA,NA,NA,NA,NA,NA
"100","CHL","Chile",2020-06-01,129020,5470,1113,59,591623,16890,0.361,2.8,NA,NA,NA,NA,NA,NA
"101","CHL","Chile",2020-06-02,132548,3528,1188,75,605065,13442,0.356,2.8,NA,NA,NA,NA,NA,NA
"102","CHL","Chile",2020-06-03,137490,4942,1275,87,620611,15546,0.354,2.8,NA,NA,NA,NA,NA,NA
"103","CHL","Chile",2020-06-04,142154,4664,1356,81,638751,18140,0.347,2.9,NA,NA,NA,NA,NA,NA
"104","CHL","Chile",2020-06-05,146361,4207,1448,92,660531,21780,0.335,3,NA,NA,NA,NA,NA,NA
"105","CHL","Chile",2020-06-06,160351,13990,1541,93,679485,18954,0.336,3,NA,NA,NA,NA,NA,NA
"106","CHL","Chile",2020-06-07,166756,6405,1637,96,700750,21265,0.343,2.9,NA,NA,NA,NA,NA,NA
"107","CHL","Chile",2020-06-08,171452,4696,2264,627,720790,20040,0.329,3,NA,NA,NA,NA,NA,NA
"108","CHL","Chile",2020-06-09,175365,3913,2283,19,738567,17777,0.321,3.1,NA,NA,NA,NA,NA,NA
"109","CHL","Chile",2020-06-10,181062,5697,2475,192,753044,14477,0.329,3,NA,NA,NA,NA,NA,NA
"110","CHL","Chile",2020-06-11,186698,5636,2648,173,773020,19976,0.332,3,NA,NA,NA,NA,NA,NA
"111","CHL","Chile",2020-06-12,193452,6754,2870,222,791753,18733,0.359,2.8,NA,NA,NA,NA,NA,NA
"112","CHL","Chile",2020-06-13,201634,8182,3101,231,811976,20223,0.312,3.2,NA,NA,NA,NA,NA,NA
"113","CHL","Chile",2020-06-14,208572,6938,3323,222,832127,20151,0.318,3.1,NA,NA,NA,NA,NA,NA
"114","CHL","Chile",2020-06-15,213715,5143,3362,39,850935,18808,0.325,3.1,NA,NA,NA,NA,NA,NA
"115","CHL","Chile",2020-06-16,218728,5013,3383,21,865510,14575,0.342,2.9,NA,NA,NA,NA,NA,NA
"116","CHL","Chile",2020-06-17,220628,1900,3615,232,878146,12636,0.316,3.2,NA,NA,NA,NA,NA,NA
"117","CHL","Chile",2020-06-18,225103,4475,3841,226,895143,16997,0.314,3.2,NA,NA,NA,NA,NA,NA
"118","CHL","Chile",2020-06-19,231393,6290,4093,252,915490,20347,0.307,3.3,NA,NA,NA,NA,NA,NA
"119","CHL","Chile",2020-06-20,236748,5355,4295,202,935570,20080,0.284,3.5,NA,NA,NA,NA,NA,NA
"120","CHL","Chile",2020-06-21,242355,5607,4479,184,955685,20115,0.273,3.7,NA,NA,NA,NA,NA,NA
"121","CHL","Chile",2020-06-22,246963,4608,4502,23,974330,18645,0.269,3.7,NA,NA,NA,NA,NA,NA
"122","CHL","Chile",2020-06-23,250767,3804,4505,3,987037,12707,0.264,3.8,NA,NA,NA,NA,NA,NA
"123","CHL","Chile",2020-06-24,254416,3649,4731,226,999612,12575,0.278,3.6,NA,NA,NA,NA,NA,NA
"124","CHL","Chile",2020-06-25,259064,4648,4903,172,1017058,17446,0.279,3.6,NA,NA,NA,NA,NA,NA
"125","CHL","Chile",2020-06-26,263360,4296,5068,165,1035307,18249,0.267,3.7,NA,NA,NA,NA,NA,NA
"126","CHL","Chile",2020-06-27,267766,4406,5347,279,1053251,17944,0.264,3.8,NA,NA,NA,NA,NA,NA
"127","CHL","Chile",2020-06-28,271982,4216,5509,162,1071621,18370,0.256,3.9,NA,NA,NA,NA,NA,NA
"128","CHL","Chile",2020-06-29,275999,4017,5575,66,1088420,16799,0.254,3.9,NA,NA,NA,NA,NA,NA
"129","CHL","Chile",2020-06-30,279393,3394,5688,113,1101769,13349,0.25,4,NA,NA,NA,NA,NA,NA
"130","CHL","Chile",2020-07-01,282043,2650,5753,65,1112154,10385,0.245,4.1,NA,NA,NA,NA,NA,NA
"131","CHL","Chile",2020-07-02,284541,2498,5920,167,1122985,10831,0.241,4.2,NA,NA,NA,NA,NA,NA
"132","CHL","Chile",2020-07-03,288089,3548,6051,131,1138570,15585,0.239,4.2,NA,NA,NA,NA,NA,NA
"133","CHL","Chile",2020-07-04,291847,3758,6192,141,1155857,17287,0.235,4.3,NA,NA,NA,NA,NA,NA
"134","CHL","Chile",2020-07-05,295532,3685,6308,116,1173861,18004,0.23,4.3,NA,NA,NA,NA,NA,NA
"135","CHL","Chile",2020-07-06,298557,3025,6384,76,1190238,16377,0.222,4.5,NA,NA,NA,NA,NA,NA
"136","CHL","Chile",2020-07-07,301019,2462,6434,50,1202303,12065,0.215,4.6,NA,NA,NA,NA,NA,NA
"137","CHL","Chile",2020-07-08,303083,2064,6573,139,1212767,10464,0.209,4.8,NA,NA,NA,NA,NA,NA
"138","CHL","Chile",2020-07-09,306216,3133,6682,109,1229609,16842,0.203,4.9,NA,NA,NA,NA,NA,NA
"139","CHL","Chile",2020-07-10,309274,3058,6781,99,1247336,17727,0.195,5.1,NA,NA,NA,NA,NA,NA
"140","CHL","Chile",2020-07-11,312029,2755,6881,100,1265604,18268,0.184,5.4,NA,NA,NA,NA,NA,NA
"141","CHL","Chile",2020-07-12,315041,3012,6979,98,1284775,19171,0.176,5.7,NA,NA,NA,NA,NA,NA
"142","CHL","Chile",2020-07-13,317657,2616,7024,45,1302242,17467,0.171,5.9,NA,NA,NA,NA,NA,NA
"143","CHL","Chile",2020-07-14,319493,1836,7069,45,1314480,12238,0.165,6.1,NA,NA,NA,NA,NA,NA
"144","CHL","Chile",2020-07-15,321205,1712,7186,117,1326689,12209,0.159,6.3,NA,NA,NA,NA,NA,NA
"145","CHL","Chile",2020-07-16,323698,2493,7290,104,1343881,17192,0.153,6.5,NA,NA,NA,NA,NA,NA
"146","CHL","Chile",2020-07-17,326439,2741,8347,1057,1362580,18699,0.149,6.7,NA,NA,NA,NA,NA,NA
"147","CHL","Chile",2020-07-18,328846,2407,8445,98,1380296,17716,0.147,6.8,NA,NA,NA,NA,NA,NA
"148","CHL","Chile",2020-07-19,330930,2084,8503,58,1396024,15728,0.143,7,NA,NA,NA,NA,NA,NA
"149","CHL","Chile",2020-07-20,333029,2099,8633,130,1412367,16343,0.14,7.2,NA,NA,NA,NA,NA,NA
"150","CHL","Chile",2020-07-21,334683,1654,8677,44,1424957,12590,0.137,7.3,NA,NA,NA,NA,NA,NA
"151","CHL","Chile",2020-07-22,336402,1719,8722,45,1437750,12793,0.137,7.3,NA,NA,NA,NA,NA,NA
"152","CHL","Chile",2020-07-23,338759,2357,8838,116,1456617,18867,0.134,7.5,NA,NA,NA,NA,NA,NA
"153","CHL","Chile",2020-07-24,341304,2545,8914,76,1477688,21071,0.129,7.7,NA,NA,NA,NA,NA,NA
"154","CHL","Chile",2020-07-25,343592,2288,9020,106,1496821,19133,0.127,7.9,NA,NA,NA,NA,NA,NA
"155","CHL","Chile",2020-07-26,345790,2198,9112,92,1516530,19709,0.123,8.1,NA,NA,NA,NA,NA,NA
"156","CHL","Chile",2020-07-27,347923,2133,9187,75,1538074,21544,0.118,8.4,NA,NA,NA,NA,NA,NA
"157","CHL","Chile",2020-07-28,349800,1877,9240,53,1555670,17596,0.116,8.6,NA,NA,NA,NA,NA,NA
"158","CHL","Chile",2020-07-29,351575,1775,9278,38,1572800,17130,0.112,8.9,NA,NA,NA,NA,NA,NA
"159","CHL","Chile",2020-07-30,353536,1961,9377,99,1593095,20295,0.108,9.2,NA,NA,NA,NA,NA,NA
"160","CHL","Chile",2020-07-31,355667,2131,9457,80,1615969,22874,0.104,9.6,NA,NA,NA,NA,NA,NA
"161","CHL","Chile",2020-08-01,357658,1991,9533,76,1640367,24398,0.098,10.2,NA,NA,NA,NA,NA,NA
"162","CHL","Chile",2020-08-02,359731,2073,9608,75,1665266,24899,0.094,10.7,NA,NA,NA,NA,NA,NA
"163","CHL","Chile",2020-08-03,361493,1762,9707,99,1689535,24269,0.09,11.2,NA,NA,NA,NA,NA,NA
"164","CHL","Chile",2020-08-04,362962,1469,9745,38,1708392,18857,0.086,11.6,NA,NA,NA,NA,NA,NA
"165","CHL","Chile",2020-08-05,364723,1761,9792,47,1729790,21398,0.084,11.9,NA,NA,NA,NA,NA,NA
"166","CHL","Chile",2020-08-06,366671,1948,9889,97,1752592,22802,0.082,12.1,NA,NA,NA,NA,NA,NA
"167","CHL","Chile",2020-08-07,368825,2154,9958,69,1777835,25243,0.081,12.3,NA,NA,NA,NA,NA,NA
"168","CHL","Chile",2020-08-08,371023,2198,10011,53,1804872,27037,0.081,12.3,NA,NA,NA,NA,NA,NA
"169","CHL","Chile",2020-08-09,373056,2033,10077,66,1833332,28460,0.079,12.6,NA,NA,NA,NA,NA,NA
"170","CHL","Chile",2020-08-10,375044,1988,10139,62,1859344,26012,0.08,12.5,NA,NA,NA,NA,NA,NA
"171","CHL","Chile",2020-08-11,376616,1572,10178,39,1881593,22249,0.079,12.7,NA,NA,NA,NA,NA,NA
"172","CHL","Chile",2020-08-12,378168,1552,10205,27,1900941,19348,0.079,12.7,NA,NA,NA,NA,NA,NA
"173","CHL","Chile",2020-08-13,380034,1866,10299,94,1924569,23628,0.078,12.9,NA,NA,NA,NA,NA,NA
"174","CHL","Chile",2020-08-14,382111,2077,10340,41,1952187,27618,0.076,13.1,NA,NA,NA,NA,NA,NA
"175","CHL","Chile",2020-08-15,383902,1791,10395,55,1980686,28499,0.073,13.7,NA,NA,NA,NA,NA,NA
"176","CHL","Chile",2020-08-16,385946,2044,10452,57,2011568,30882,0.072,13.8,NA,NA,NA,NA,NA,NA
"177","CHL","Chile",2020-08-17,387502,1556,10513,61,2036857,25289,0.07,14.2,NA,NA,NA,NA,NA,NA
"178","CHL","Chile",2020-08-18,388855,1353,10546,33,2060056,23199,0.069,14.6,NA,NA,NA,NA,NA,NA
"179","CHL","Chile",2020-08-19,390037,1182,10578,32,2079331,19275,0.067,15,NA,NA,NA,NA,NA,NA
"180","CHL","Chile",2020-08-20,391849,1812,10671,93,2105609,26278,0.065,15.3,NA,NA,NA,NA,NA,NA
"181","CHL","Chile",2020-08-21,393769,1920,10723,52,2134278,28669,0.064,15.6,NA,NA,NA,NA,NA,NA
"182","CHL","Chile",2020-08-22,395708,1939,10792,69,2164005,29727,0.064,15.5,NA,NA,NA,NA,NA,NA
"183","CHL","Chile",2020-08-23,397665,1957,10852,60,2195986,31981,0.064,15.7,NA,NA,NA,NA,NA,NA
"184","CHL","Chile",2020-08-24,399568,1903,10916,64,2223440,27454,0.065,15.5,NA,NA,NA,NA,NA,NA
"185","CHL","Chile",2020-08-25,400985,1417,10958,42,2247943,24503,0.065,15.5,NA,NA,NA,NA,NA,NA
"186","CHL","Chile",2020-08-26,402365,1380,10990,32,2268200,20257,0.065,15.3,NA,NA,NA,NA,NA,NA
"187","CHL","Chile",2020-08-27,404102,1737,11072,82,2295219,27019,0.065,15.5,NA,NA,NA,NA,NA,NA
"188","CHL","Chile",2020-08-28,405972,1870,11132,60,2325493,30274,0.064,15.7,NA,NA,NA,NA,NA,NA
"189","CHL","Chile",2020-08-29,408009,2037,11181,49,2357730,32237,0.063,15.7,NA,NA,NA,NA,NA,NA
"190","CHL","Chile",2020-08-30,409974,1965,11244,63,2392499,34769,0.063,16,NA,NA,NA,NA,NA,NA
"191","CHL","Chile",2020-08-31,411726,1752,11289,45,2424413,31914,0.06,16.5,NA,NA,NA,NA,NA,NA
"192","CHL","Chile",2020-09-01,413145,1419,11321,32,2450739,26326,0.06,16.7,NA,NA,NA,NA,NA,NA
"193","CHL","Chile",2020-09-02,414739,1594,11344,23,2473485,22746,0.06,16.6,NA,NA,NA,NA,NA,NA
"194","CHL","Chile",2020-09-03,416501,1762,11422,78,2500727,27242,0.06,16.6,NA,NA,NA,NA,NA,NA
"195","CHL","Chile",2020-09-04,418469,1968,11494,72,2532695,31968,0.06,16.6,NA,NA,NA,NA,NA,NA
"196","CHL","Chile",2020-09-05,420434,1965,11551,57,2567290,34595,0.059,16.9,NA,NA,NA,NA,NA,NA
"197","CHL","Chile",2020-09-06,422510,2076,11592,41,2602579,35289,0.06,16.8,NA,NA,NA,NA,NA,NA
"198","CHL","Chile",2020-09-07,424274,1764,11652,60,2633566,30987,0.06,16.7,NA,NA,NA,NA,NA,NA
"199","CHL","Chile",2020-09-08,425541,1267,11682,30,2661546,27980,0.059,17,NA,NA,NA,NA,NA,NA
"200","CHL","Chile",2020-09-09,427027,1486,11702,20,2683351,21805,0.059,17.1,NA,NA,NA,NA,NA,NA
"201","CHL","Chile",2020-09-10,428669,1642,11781,79,2711664,28313,0.058,17.3,NA,NA,NA,NA,NA,NA
"202","CHL","Chile",2020-09-11,430535,1866,11850,69,2745746,34082,0.057,17.7,NA,NA,NA,NA,NA,NA
"203","CHL","Chile",2020-09-12,432666,2131,11895,45,2783808,38062,0.056,17.7,NA,NA,NA,NA,NA,NA
"204","CHL","Chile",2020-09-13,434748,2082,11949,54,2820106,36298,0.056,17.8,NA,NA,NA,NA,NA,NA
"205","CHL","Chile",2020-09-14,436433,1685,12013,64,2852683,32577,0.055,18,NA,NA,NA,NA,NA,NA
"206","CHL","Chile",2020-09-15,437983,1550,12040,27,2879880,27197,0.057,17.5,NA,NA,NA,NA,NA,NA
"207","CHL","Chile",2020-09-16,439287,1304,12058,18,2902982,23102,0.056,17.9,NA,NA,NA,NA,NA,NA
"208","CHL","Chile",2020-09-17,441150,1863,12142,84,2934628,31646,0.056,17.9,NA,NA,NA,NA,NA,NA
"209","CHL","Chile",2020-09-18,442827,1677,12199,57,2967868,33240,0.055,18.1,NA,NA,NA,NA,NA,NA
"210","CHL","Chile",2020-09-19,444674,1847,12254,55,3002690,34822,0.055,18.2,NA,NA,NA,NA,NA,NA
"211","CHL","Chile",2020-09-20,446274,1600,12286,32,3030310,27620,0.055,18.2,NA,NA,NA,NA,NA,NA
"212","CHL","Chile",2020-09-21,447468,1194,12298,12,3047132,16822,0.057,17.6,NA,NA,NA,NA,NA,NA
"213","CHL","Chile",2020-09-22,448523,1055,12321,23,3060521,13389,0.058,17.1,NA,NA,NA,NA,NA,NA
"214","CHL","Chile",2020-09-23,449903,1380,12345,24,3076094,15573,0.061,16.3,NA,NA,NA,NA,NA,NA
"215","CHL","Chile",2020-09-24,451634,1731,12469,124,3105172,29078,0.061,16.3,NA,NA,NA,NA,NA,NA
"216","CHL","Chile",2020-09-25,453868,2234,12527,58,3142825,37653,0.063,15.8,NA,NA,NA,NA,NA,NA
"217","CHL","Chile",2020-09-26,455979,2111,12591,64,3180986,38161,0.063,15.8,NA,NA,NA,NA,NA,NA
"218","CHL","Chile",2020-09-27,457901,1922,12641,50,3220391,39405,0.061,16.3,NA,NA,NA,NA,NA,NA
"219","CHL","Chile",2020-09-28,459671,1770,12698,57,3257864,37473,0.058,17.3,NA,NA,NA,NA,NA,NA
"220","CHL","Chile",2020-09-29,461300,1629,12725,27,3286783,28919,0.056,17.7,NA,NA,NA,NA,NA,NA
"221","CHL","Chile",2020-09-30,462991,1691,12741,16,3314292,27509,0.055,18.2,NA,NA,NA,NA,NA,NA
"222","CHL","Chile",2020-10-01,464750,1759,12822,81,3347825,33533,0.054,18.5,NA,NA,NA,NA,NA,NA
"223","CHL","Chile",2020-10-02,466590,1840,12867,45,3386499,38674,0.052,19.2,NA,NA,NA,NA,NA,NA
"224","CHL","Chile",2020-10-03,468471,1881,12919,52,3422197,35698,0.052,19.3,NA,NA,NA,NA,NA,NA
"225","CHL","Chile",2020-10-04,470179,1708,12979,60,3458530,36333,0.052,19.4,NA,NA,NA,NA,NA,NA
"226","CHL","Chile",2020-10-05,471746,1567,13037,58,3494728,36198,0.051,19.6,NA,NA,NA,NA,NA,NA
"227","CHL","Chile",2020-10-06,473306,1560,13070,33,3521044,26316,0.051,19.5,NA,NA,NA,NA,NA,NA
"228","CHL","Chile",2020-10-07,474440,1134,13090,20,3540750,19706,0.051,19.8,NA,NA,NA,NA,NA,NA
"229","CHL","Chile",2020-10-08,476016,1576,13167,77,3573704,32954,0.05,20,NA,NA,NA,NA,NA,NA
"230","CHL","Chile",2020-10-09,477769,1753,13220,53,3609996,36292,0.05,20,NA,NA,NA,NA,NA,NA
"231","CHL","Chile",2020-10-10,479595,1826,13272,52,3646018,36022,0.05,20.1,NA,NA,NA,NA,NA,NA
"232","CHL","Chile",2020-10-11,481371,1776,13318,46,3685229,39211,0.049,20.3,NA,NA,NA,NA,NA,NA
"233","CHL","Chile",2020-10-12,482832,1461,13376,58,3721136,35907,0.049,20.4,NA,NA,NA,NA,NA,NA
"234","CHL","Chile",2020-10-13,484280,1448,13396,20,3746739,25603,0.049,20.6,NA,NA,NA,NA,NA,NA
"235","CHL","Chile",2020-10-14,485372,1092,13415,19,3764090,17351,0.049,20.4,NA,NA,NA,NA,NA,NA
"236","CHL","Chile",2020-10-15,486496,1124,13434,19,3782095,18005,0.05,19.9,NA,NA,NA,NA,NA,NA
"237","CHL","Chile",2020-10-16,488190,1694,13529,95,3813183,31088,0.051,19.5,NA,NA,NA,NA,NA,NA
"238","CHL","Chile",2020-10-17,490003,1813,13588,59,3849797,36614,0.051,19.6,NA,NA,NA,NA,NA,NA
"239","CHL","Chile",2020-10-18,491760,1757,13635,47,3886918,37121,0.052,19.4,NA,NA,NA,NA,NA,NA
"240","CHL","Chile",2020-10-19,493305,1545,13676,41,3921589,34671,0.052,19.1,NA,NA,NA,NA,NA,NA
"241","CHL","Chile",2020-10-20,494478,1173,13702,26,3947320,25731,0.051,19.7,NA,NA,NA,NA,NA,NA
"242","CHL","Chile",2020-10-21,495637,1159,13719,17,3966166,18846,0.051,19.7,NA,NA,NA,NA,NA,NA
"243","CHL","Chile",2020-10-22,497131,1494,13792,73,3997900,31734,0.049,20.3,NA,NA,NA,NA,NA,NA
"244","CHL","Chile",2020-10-23,498906,1775,13844,52,4035259,37359,0.048,20.7,NA,NA,NA,NA,NA,NA
"245","CHL","Chile",2020-10-24,500542,1636,13892,48,4073055,37796,0.047,21.2,NA,NA,NA,NA,NA,NA
"246","CHL","Chile",2020-10-25,502063,1521,13944,52,4111528,38473,0.046,21.8,NA,NA,NA,NA,NA,NA
"247","CHL","Chile",2020-10-26,503598,1535,14003,59,4149360,37832,0.045,22.1,NA,NA,NA,NA,NA,NA
"248","CHL","Chile",2020-10-27,504525,927,14026,23,4169372,20012,0.045,22.1,NA,NA,NA,NA,NA,NA
"249","CHL","Chile",2020-10-28,505530,1005,14032,6,4191194,21822,0.044,22.7,NA,NA,NA,NA,NA,NA
"250","CHL","Chile",2020-10-29,507050,1520,14118,86,4224600,33406,0.044,22.9,NA,NA,NA,NA,NA,NA
"251","CHL","Chile",2020-10-30,508571,1521,14158,40,4261480,36880,0.043,23.4,NA,NA,NA,NA,NA,NA
"252","CHL","Chile",2020-10-31,510256,1685,14207,49,4300738,39258,0.043,23.4,NA,NA,NA,NA,NA,NA
"253","CHL","Chile",2020-11-01,511864,1608,14247,40,4341890,41152,0.043,23.5,NA,NA,NA,NA,NA,NA
"254","CHL","Chile",2020-11-02,513140,1276,14302,55,4378150,36260,0.042,24,NA,NA,NA,NA,NA,NA
"255","CHL","Chile",2020-11-03,514202,1062,14319,17,4401804,23654,0.042,24,NA,NA,NA,NA,NA,NA
"256","CHL","Chile",2020-11-04,515042,840,14340,21,4419835,18031,0.042,24,NA,NA,NA,NA,NA,NA
"257","CHL","Chile",2020-11-05,516582,1540,14404,64,4454063,34228,0.042,24.1,NA,NA,NA,NA,NA,NA
"258","CHL","Chile",2020-11-06,518390,1808,14450,46,4494556,40493,0.042,23.7,NA,NA,NA,NA,NA,NA
"259","CHL","Chile",2020-11-07,519977,1587,14499,49,4533846,39290,0.042,24,NA,NA,NA,NA,NA,NA
"260","CHL","Chile",2020-11-08,521558,1581,14543,44,4575917,42071,0.041,24.1,NA,NA,NA,NA,NA,NA
"261","CHL","Chile",2020-11-09,522879,1321,14588,45,4613248,37331,0.041,24.1,NA,NA,NA,NA,NA,NA
"262","CHL","Chile",2020-11-10,523907,1028,14611,23,4637179,23931,0.041,24.3,NA,NA,NA,NA,NA,NA
"263","CHL","Chile",2020-11-11,524804,897,14633,22,4659327,22148,0.041,24.5,NA,NA,NA,NA,NA,NA
"264","CHL","Chile",2020-11-12,526438,1634,14699,66,4695035,35708,0.041,24.4,NA,NA,NA,NA,NA,NA
"265","CHL","Chile",2020-11-13,528030,1592,14738,39,4733318,38283,0.04,24.8,NA,NA,NA,NA,NA,NA
"266","CHL","Chile",2020-11-14,529676,1646,14777,39,4773840,40522,0.04,24.7,NA,NA,NA,NA,NA,NA
"267","CHL","Chile",2020-11-15,531273,1597,14819,42,4814654,40814,0.041,24.6,NA,NA,NA,NA,NA,NA
"268","CHL","Chile",2020-11-16,532604,1331,14863,44,4851983,37329,0.041,24.5,NA,NA,NA,NA,NA,NA
"269","CHL","Chile",2020-11-17,533610,1006,14883,20,4874686,22703,0.041,24.5,NA,NA,NA,NA,NA,NA
"270","CHL","Chile",2020-11-18,534558,948,14897,14,4894911,20225,0.041,24.2,NA,NA,NA,NA,NA,NA
"271","CHL","Chile",2020-11-19,536012,1454,14955,58,4930225,35314,0.041,24.6,NA,NA,NA,NA,NA,NA
"272","CHL","Chile",2020-11-20,537585,1573,15003,48,4969455,39230,0.04,24.7,NA,NA,NA,NA,NA,NA
"273","CHL","Chile",2020-11-21,539143,1558,15030,27,5009041,39586,0.04,24.8,NA,NA,NA,NA,NA,NA
"274","CHL","Chile",2020-11-22,540640,1497,15069,39,5049075,40034,0.04,25,NA,NA,NA,NA,NA,NA
"275","CHL","Chile",2020-11-23,542080,1440,15106,37,5087453,38378,0.04,24.8,NA,NA,NA,NA,NA,NA
"276","CHL","Chile",2020-11-24,543087,1007,15131,25,5110213,22760,0.04,24.9,NA,NA,NA,NA,NA,NA
"277","CHL","Chile",2020-11-25,544092,1005,15138,7,5130593,20380,0.04,24.7,NA,NA,NA,NA,NA,NA
"278","CHL","Chile",2020-11-26,545662,1570,15235,97,5166772,36179,0.041,24.5,NA,NA,NA,NA,NA,NA
"279","CHL","Chile",2020-11-27,547243,1581,15278,43,5205698,38926,0.041,24.5,NA,NA,NA,NA,NA,NA
"280","CHL","Chile",2020-11-28,548941,1698,15322,44,5245160,39462,0.041,24.1,NA,NA,NA,NA,NA,NA
"281","CHL","Chile",2020-11-29,550430,1489,15356,34,5287934,42774,0.041,24.4,NA,NA,NA,NA,NA,NA
"282","CHL","Chile",2020-11-30,551743,1313,15410,54,5325430,37496,0.041,24.6,NA,NA,NA,NA,NA,NA
"283","CHL","Chile",2020-12-01,552864,1121,15430,20,5349110,23680,0.041,24.4,NA,NA,NA,NA,NA,NA
"284","CHL","Chile",2020-12-02,553898,1034,15438,8,5370710,21600,0.041,24.5,NA,NA,NA,NA,NA,NA
"285","CHL","Chile",2020-12-03,555406,1508,15519,81,5406772,36062,0.041,24.6,NA,NA,NA,NA,NA,NA
"286","CHL","Chile",2020-12-04,557135,1729,15558,39,5447413,40641,0.041,24.4,NA,NA,NA,NA,NA,NA
"287","CHL","Chile",2020-12-05,558668,1533,15592,34,5487574,40161,0.04,24.9,NA,NA,NA,NA,NA,NA
"288","CHL","Chile",2020-12-06,560382,1714,15628,36,5529751,42177,0.041,24.3,NA,NA,NA,NA,NA,NA
"289","CHL","Chile",2020-12-07,562142,1760,15663,35,5568494,38743,0.043,23.4,NA,NA,NA,NA,NA,NA
"290","CHL","Chile",2020-12-08,563534,1392,15680,17,5596679,28185,0.043,23.2,NA,NA,NA,NA,NA,NA
"291","CHL","Chile",2020-12-09,564778,1244,15690,10,5618871,22192,0.044,22.8,NA,NA,NA,NA,NA,NA
"292","CHL","Chile",2020-12-10,566440,1662,15774,84,5651380,32509,0.045,22.2,NA,NA,NA,NA,NA,NA
"293","CHL","Chile",2020-12-11,567974,1534,15782,8,5678923,27543,0.047,21.4,NA,NA,NA,NA,NA,NA
"294","CHL","Chile",2020-12-12,569781,1807,15846,64,5719282,40359,0.048,20.9,NA,NA,NA,NA,NA,NA
"295","CHL","Chile",2020-12-13,571919,2138,15886,40,5767336,48054,0.049,20.6,NA,NA,NA,NA,NA,NA
"296","CHL","Chile",2020-12-14,573830,1911,15931,45,5814212,46876,0.048,21,NA,NA,NA,NA,NA,NA
"297","CHL","Chile",2020-12-15,575329,1499,15949,18,5843694,29482,0.048,20.9,NA,NA,NA,NA,NA,NA
"298","CHL","Chile",2020-12-16,576731,1402,15959,10,5869593,25899,0.048,21,NA,NA,NA,NA,NA,NA
"299","CHL","Chile",2020-12-17,578732,2001,16007,48,5909654,40061,0.048,21,NA,NA,NA,NA,NA,NA
"300","CHL","Chile",2020-12-18,581135,2403,16051,44,5957188,47534,0.047,21.1,NA,NA,NA,NA,NA,NA
"301","CHL","Chile",2020-12-19,583355,2220,16101,50,6003914,46726,0.048,21,NA,NA,NA,NA,NA,NA
"302","CHL","Chile",2020-12-20,585546,2191,16154,53,6054199,50285,0.048,21.1,NA,NA,NA,NA,NA,NA
"303","CHL","Chile",2020-12-21,587993,2447,16197,43,6099892,45693,0.05,20.2,NA,NA,NA,NA,NA,NA
"304","CHL","Chile",2020-12-22,589189,1196,16217,20,6129797,29905,0.048,20.6,NA,NA,NA,NA,NA,NA
"305","CHL","Chile",2020-12-23,590914,1725,16228,11,6161031,31234,0.049,20.5,NA,NA,NA,NA,NA,NA
"306","CHL","Chile",2020-12-24,594152,3238,16303,75,6205335,44304,0.052,19.2,420,NA,420,0,NA,NA
"307","CHL","Chile",2020-12-25,595831,1679,16358,55,6253346,48011,0.05,20.2,5201,4781,5201,0.03,NA,NA
"308","CHL","Chile",2020-12-26,598394,2563,16404,46,6301619,48273,0.051,19.8,8344,3143,8344,0.04,NA,NA
"309","CHL","Chile",2020-12-27,600105,1711,16443,39,6328916,27297,0.053,18.9,8655,311,8655,0.05,NA,NA
"310","CHL","Chile",2020-12-28,602028,1923,16443,0,6352407,23491,0.056,18,8655,0,8655,0.05,NA,NA
"311","CHL","Chile",2020-12-29,603986,1958,16488,45,6374797,22390,0.06,16.6,8655,0,8655,0.05,NA,NA
"312","CHL","Chile",2020-12-30,606950,2964,16499,11,6400889,26092,0.067,15,8655,0,8655,0.05,NA,NA
"313","CHL","Chile",2020-12-31,608973,2023,16608,109,6443459,42570,0.062,16.1,8655,0,8655,0.05,NA,NA
"314","CHL","Chile",2021-01-01,612564,3591,16660,52,6494042,50583,0.07,14.4,8655,0,8655,0.05,NA,NA
"315","CHL","Chile",2021-01-02,615902,3338,16724,64,6540220,46178,0.073,13.6,8655,0,8655,0.05,NA,NA
"316","CHL","Chile",2021-01-03,618191,2289,16767,43,6570004,29784,0.075,13.3,8655,0,8655,0.05,NA,NA
"317","CHL","Chile",2021-01-04,620641,2450,16767,0,6595501,25497,0.077,13.1,9060,405,9060,0.05,NA,NA
"318","CHL","Chile",2021-01-05,623101,2460,16788,21,6621318,25817,0.078,12.9,10503,1443,10503,0.05,NA,NA
"319","CHL","Chile",2021-01-06,625483,2382,16816,28,6653354,32036,0.073,13.6,10708,205,10708,0.06,NA,NA
"320","CHL","Chile",2021-01-07,629176,3693,16913,97,6701072,47718,0.078,12.8,10708,0,10708,0.06,NA,NA
"321","CHL","Chile",2021-01-08,633381,4205,16974,61,6755113,54041,0.08,12.5,10708,0,10708,0.06,NA,NA
"322","CHL","Chile",2021-01-09,637742,4361,17037,63,6813229,58116,0.08,12.5,10708,0,10708,0.06,NA,NA
"323","CHL","Chile",2021-01-10,641923,4181,17096,59,6872955,59726,0.078,12.8,10708,0,10708,0.06,NA,NA
"324","CHL","Chile",2021-01-11,645892,3969,17162,66,6930393,57438,0.075,13.3,10708,0,10708,0.06,NA,NA
"325","CHL","Chile",2021-01-12,649135,3243,17182,20,6973115,42722,0.074,13.5,10708,0,10708,0.06,NA,NA
"326","CHL","Chile",2021-01-13,652525,3390,17204,22,7014575,41460,0.075,13.4,11741,1033,10709,0.06,1032,0.01
"327","CHL","Chile",2021-01-14,656712,4187,17294,90,7068691,54116,0.075,13.4,18657,6916,12829,0.07,5828,0.03
"328","CHL","Chile",2021-01-15,661180,4468,17369,75,7127668,58977,0.075,13.4,22088,3431,13786,0.07,8302,0.04
"329","CHL","Chile",2021-01-16,665493,4313,17435,66,7192867,65199,0.073,13.7,22178,90,13809,0.07,8369,0.04
"330","CHL","Chile",2021-01-17,669832,4339,17477,42,7261325,68458,0.072,13.9,22178,0,13809,0.07,8369,0.04
"331","CHL","Chile",2021-01-18,673750,3918,17547,70,7316998,55673,0.072,13.9,33229,11051,24860,0.13,8369,0.04
"332","CHL","Chile",2021-01-19,677151,3401,17573,26,7359011,42013,0.073,13.8,52591,19362,44221,0.23,8370,0.04
"333","CHL","Chile",2021-01-20,680740,3589,17594,21,7400515,41504,0.073,13.7,61900,9309,53530,0.28,8370,0.04
"334","CHL","Chile",2021-01-21,685107,4367,17702,108,7457443,56928,0.073,13.7,64957,3057,56587,0.29,8370,0.04
"335","CHL","Chile",2021-01-22,690066,4959,17786,84,7519959,62516,0.074,13.6,65373,416,56999,0.3,8374,0.04
"336","CHL","Chile",2021-01-23,694647,4581,17854,68,7578387,58428,0.076,13.2,65373,0,56999,0.3,8374,0.04
"337","CHL","Chile",2021-01-24,699110,4463,17933,79,7643887,65500,0.077,13.1,65373,0,56999,0.3,8374,0.04
"338","CHL","Chile",2021-01-25,703178,4068,17999,66,7699116,55229,0.077,13,66793,1420,57016,0.3,9777,0.05
"339","CHL","Chile",2021-01-26,706500,3322,18023,24,7742111,42995,0.077,13.1,67409,616,57037,0.3,10372,0.05
"340","CHL","Chile",2021-01-27,709888,3388,18040,17,7781666,39555,0.076,13.1,67444,35,57038,0.3,10406,0.05
"341","CHL","Chile",2021-01-28,714143,4255,18174,134,7835456,53790,0.077,13,67444,0,57038,0.3,10406,0.05
"342","CHL","Chile",2021-01-29,718749,4606,18257,83,7897397,61941,0.076,13.2,67449,5,57038,0.3,10411,0.05
"343","CHL","Chile",2021-01-30,722900,4151,18339,82,7960705,63308,0.074,13.5,67450,1,57039,0.3,10411,0.05
"344","CHL","Chile",2021-01-31,727109,4209,18452,113,8021139,60434,0.074,13.5,67450,0,57039,0.3,10411,0.05
"345","CHL","Chile",2021-02-01,730888,3779,18537,85,8079848,58709,0.073,13.7,67450,0,57039,0.3,10411,0.05
"346","CHL","Chile",2021-02-02,734035,3147,18559,22,8125236,45388,0.072,13.9,80639,13189,70222,0.37,10417,0.05
"347","CHL","Chile",2021-02-03,736645,2610,18576,17,8157724,32488,0.071,14.1,251011,170372,240594,1.25,10417,0.05
"348","CHL","Chile",2021-02-04,740237,3592,18731,155,8209764,52040,0.07,14.3,427150,176139,414625,2.16,12525,0.07
"349","CHL","Chile",2021-02-05,744019,3782,18808,77,8265915,56151,0.069,14.6,596589,169439,583394,3.04,13195,0.07
"350","CHL","Chile",2021-02-06,748082,4063,18895,87,8325865,59950,0.069,14.5,624445,27856,611245,3.18,13200,0.07
"351","CHL","Chile",2021-02-07,751886,3804,18974,79,8380808,54943,0.069,14.5,633083,8638,619881,3.23,13202,0.07
"352","CHL","Chile",2021-02-08,755350,3464,19056,82,8431313,50505,0.07,14.4,866370,233287,841387,4.38,24983,0.13
"353","CHL","Chile",2021-02-09,758189,2839,19084,28,8470337,39024,0.07,14.3,1128245,261875,1083875,5.64,44370,0.23
"354","CHL","Chile",2021-02-10,760576,2387,19105,21,8499079,28742,0.07,14.3,1409027,280782,1356312,7.06,52715,0.27
"355","CHL","Chile",2021-02-11,764307,3731,19262,157,8551821,52742,0.07,14.2,1663304,254277,1607701,8.37,55603,0.29
"356","CHL","Chile",2021-02-12,768471,4164,19345,83,8607083,55262,0.072,14,1892778,229474,1836965,9.56,55813,0.29
"357","CHL","Chile",2021-02-13,772396,3925,19443,98,8661803,54720,0.072,13.8,1922333,29555,1866487,9.72,55846,0.29
"358","CHL","Chile",2021-02-14,776209,3813,19541,98,8716726,54923,0.072,13.8,1926801,4468,1870955,9.74,55846,0.29
"359","CHL","Chile",2021-02-15,779541,3332,19624,83,8767340,50614,0.072,13.9,2192658,265857,2136812,11.12,55846,0.29
"360","CHL","Chile",2021-02-16,782039,2498,19644,20,8801533,34193,0.072,13.9,2412731,220073,2356874,12.27,55857,0.29
"361","CHL","Chile",2021-02-17,784314,2275,19659,15,8826447,24914,0.073,13.8,2600775,188044,2544918,13.25,55857,0.29
"362","CHL","Chile",2021-02-18,788142,3828,19798,139,8877643,51196,0.073,13.7,2756042,155267,2700184,14.05,55858,0.29
"363","CHL","Chile",2021-02-19,791939,3797,19897,99,8927327,49684,0.073,13.6,2898170,142128,2842312,14.79,55858,0.29
"364","CHL","Chile",2021-02-20,795845,3906,19974,77,8979280,51953,0.074,13.5,2907812,9642,2851954,14.84,55858,0.29
"365","CHL","Chile",2021-02-21,799460,3615,20042,68,9029308,50028,0.074,13.4,2908974,1162,2853116,14.85,55858,0.29
"366","CHL","Chile",2021-02-22,803009,3549,20126,84,9083958,54650,0.074,13.5,3017100,108126,2961220,15.41,55880,0.29
"367","CHL","Chile",2021-02-23,805317,2308,20151,25,9115444,31486,0.074,13.5,3111341,94241,3055421,15.9,55920,0.29
"368","CHL","Chile",2021-02-24,807872,2555,20173,22,9144328,28884,0.074,13.5,3197616,86275,3141522,16.35,56094,0.29
"369","CHL","Chile",2021-02-25,812344,4472,20310,137,9195354,51026,0.076,13.1,3283697,86081,3227458,16.8,56239,0.29
"370","CHL","Chile",2021-02-26,816929,4585,20400,90,9250264,54910,0.077,12.9,3362094,78397,3305737,17.21,56357,0.29
"371","CHL","Chile",2021-02-27,821418,4489,20476,76,9305564,55300,0.078,12.8,3372141,10047,3315780,17.26,56361,0.29
"372","CHL","Chile",2021-02-28,824625,3207,20572,96,9358875,53311,0.076,13.1,3372496,355,3316135,17.26,56361,0.29
"373","CHL","Chile",2021-03-01,829770,5145,20660,88,9415629,56754,0.081,12.4,3510056,137560,3453286,17.97,56770,0.3
"374","CHL","Chile",2021-03-02,832512,2742,20684,24,9447246,31617,0.082,12.2,3681434,171378,3612246,18.8,69188,0.36
"375","CHL","Chile",2021-03-03,835552,3040,20704,20,9474397,27151,0.084,11.9,3993373,311939,3770091,19.62,223282,1.16
"376","CHL","Chile",2021-03-04,840119,4567,20838,134,9530074,55677,0.083,12.1,4303969,310596,3914828,20.38,389141,2.03
"377","CHL","Chile",2021-03-05,845450,5331,20928,90,9590794,60720,0.084,11.9,4601869,297900,4051045,21.09,550824,2.87
"378","CHL","Chile",2021-03-06,850483,5033,21008,80,9649985,59191,0.084,11.9,4635652,33783,4060689,21.14,574963,2.99
"379","CHL","Chile",2021-03-07,855785,5302,21077,69,9713568,63583,0.088,11.4,4643616,7964,4061754,21.14,581862,3.03
"380","CHL","Chile",2021-03-08,860533,4748,21163,86,9775575,62007,0.085,11.7,4994305,350689,4198351,21.85,795954,4.14
"381","CHL","Chile",2021-03-09,864064,3531,21182,19,9811190,35615,0.087,11.5,5370908,376603,4337386,22.58,1033522,5.38
"382","CHL","Chile",2021-03-10,867949,3885,21206,24,9846196,35006,0.087,11.5,5772315,401407,4473201,23.28,1299114,6.76
"383","CHL","Chile",2021-03-11,873512,5563,21362,156,9908942,62746,0.088,11.3,6189438,417123,4644634,24.18,1544804,8.04
"384","CHL","Chile",2021-03-12,879485,5973,21451,89,9974628,65686,0.089,11.3,6563870,374432,4795868,24.96,1768002,9.2
"385","CHL","Chile",2021-03-13,885379,5894,21574,123,10044145,69517,0.089,11.3,6614326,50456,4820156,25.09,1794170,9.34
"386","CHL","Chile",2021-03-14,891110,5731,21674,100,10112296,68151,0.089,11.3,6620913,6587,4822904,25.1,1798009,9.36
"387","CHL","Chile",2021-03-15,896231,5121,21772,98,10181264,68968,0.088,11.4,7051241,430328,4980755,25.92,2070486,10.78
"388","CHL","Chile",2021-03-16,900782,4551,21789,17,10227644,46380,0.088,11.3,7461537,410296,5147389,26.79,2314148,12.05
"389","CHL","Chile",2021-03-17,904212,3430,21816,27,10265109,37465,0.087,11.6,7828867,367330,5298670,27.58,2530197,13.17
"390","CHL","Chile",2021-03-18,911469,7257,21988,172,10335304,70195,0.089,11.2,8163856,334989,5447486,28.35,2716370,14.14
"391","CHL","Chile",2021-03-19,918053,6584,22087,99,10408433,73129,0.089,11.2,8458392,294536,5587250,29.08,2871142,14.94
"392","CHL","Chile",2021-03-20,925089,7036,22180,93,10484708,76275,0.09,11.1,8492588,34196,5610430,29.2,2882158,15
"393","CHL","Chile",2021-03-21,931939,6850,22279,99,10561043,76335,0.091,11,8496612,4024,5613282,29.22,2883330,15.01
"394","CHL","Chile",2021-03-22,938094,6155,22359,80,10636923,75880,0.092,10.9,8765387,268775,5760029,29.98,3005358,15.64
"395","CHL","Chile",2021-03-23,942958,4864,22384,25,10691538,54615,0.091,11,9006298,240911,5910309,30.76,3095989,16.11
"396","CHL","Chile",2021-03-24,947783,4825,22402,18,10731308,39770,0.093,10.7,9225399,219101,6064594,31.57,3160805,16.45
"397","CHL","Chile",2021-03-25,954843,7060,22524,122,10802230,70922,0.093,10.8,9438108,212709,6222062,32.39,3216046,16.74
"398","CHL","Chile",2021-03-26,962321,7478,22587,63,10879538,77308,0.094,10.6,9655821,217713,6388649,33.25,3267172,17.01
"399","CHL","Chile",2021-03-27,969913,7592,22653,66,10958800,79262,0.095,10.6,9671513,15692,6401593,33.32,3269920,17.02
"400","CHL","Chile",2021-03-28,977243,7330,22754,101,11037244,78444,0.095,10.5,9672905,1392,6402562,33.33,3270343,17.02
"401","CHL","Chile",2021-03-29,984484,7241,23070,316,11113202,75958,0.097,10.3,9939691,266786,6553817,34.11,3385874,17.62
"402","CHL","Chile",2021-03-30,989492,5008,23107,37,11159589,46387,0.099,10.1,10218386,278695,6687796,34.81,3530590,18.38
"403","CHL","Chile",2021-03-31,995538,6046,23135,28,11201416,41827,0.102,9.8,10498730,280344,6814880,35.47,3683850,19.17
"404","CHL","Chile",2021-04-01,1003406,7868,23328,193,11270537,69121,0.104,9.6,10802084,303354,6949675,36.17,3852409,20.05
"405","CHL","Chile",2021-04-02,1011485,8079,23421,93,11344080,73543,0.106,9.4,10809121,7037,6951532,36.18,3857589,20.08
"406","CHL","Chile",2021-04-03,1019478,7993,23524,103,11414538,70458,0.109,9.2,10812348,3227,6953413,36.19,3858935,20.09
"407","CHL","Chile",2021-04-04,1026785,7307,23644,120,11483633,69095,0.111,9,10813469,1121,6954071,36.2,3859398,20.09
"408","CHL","Chile",2021-04-05,1032612,5827,23677,33,11529454,45821,0.116,8.6,11098304,284835,7034003,36.61,4064301,21.15
"409","CHL","Chile",2021-04-06,1037780,5168,23734,57,11565058,35604,0.119,8.4,11338152,239848,7127162,37.1,4210990,21.92
"410","CHL","Chile",2021-04-07,1043022,5242,23796,62,11595729,30671,0.12,8.3,11571486,233334,7222060,37.59,4349426,22.64
"411","CHL","Chile",2021-04-08,1051270,8248,23979,183,11665933,70204,0.121,8.3,11811057,239571,7298812,37.99,4512245,23.49
"412","CHL","Chile",2021-04-09,1060421,9151,24108,129,11743832,77899,0.122,8.2,12030041,218984,7369697,38.36,4660344,24.26
"413","CHL","Chile",2021-04-10,1068522,8101,24213,105,11817665,73833,0.122,8.2,12056071,26030,7380888,38.42,4675183,24.33
"414","CHL","Chile",2021-04-11,1076499,7977,24346,133,11889962,72297,0.122,8.2,12058524,2453,7381985,38.42,4676539,24.34
"415","CHL","Chile",2021-04-12,1082920,6421,24483,137,11963255,73293,0.116,8.6,12295563,237039,7460093,38.83,4835470,25.17
"416","CHL","Chile",2021-04-13,1088710,5790,24518,35,12013159,49904,0.114,8.8,12530919,235356,7535115,39.22,4995804,26
"417","CHL","Chile",2021-04-14,1094267,5557,24548,30,12049864,36705,0.113,8.9,12760455,229536,7614462,39.63,5145993,26.78
"418","CHL","Chile",2021-04-15,1101698,7431,24766,218,12120685,70821,0.111,9,12967661,207206,7676760,39.96,5290901,27.54
"419","CHL","Chile",2021-04-16,1109311,7613,24923,157,12198060,77375,0.108,9.3,13161880,194219,7735158,40.26,5426722,28.25
"420","CHL","Chile",2021-04-17,1117348,8037,25055,132,12270866,72806,0.108,9.3,13184168,22288,7743059,40.3,5441109,28.32
"421","CHL","Chile",2021-04-18,1124718,7370,25177,122,12345855,74989,0.106,9.5,13186806,2638,7743935,40.31,5442871,28.33
"422","CHL","Chile",2021-04-19,1131340,6622,25277,100,12418694,72839,0.106,9.4,13381780,194974,7787832,40.54,5593948,29.12
"423","CHL","Chile",2021-04-20,1136189,4849,25317,40,12464199,45505,0.105,9.5,13571141,189361,7827042,40.74,5744099,29.9
"424","CHL","Chile",2021-04-21,1141403,5214,25353,36,12500327,36128,0.105,9.6,13748755,177614,7858193,40.9,5890562,30.66
"425","CHL","Chile",2021-04-22,1148320,6917,25532,179,12566594,66267,0.105,9.6,13949492,200737,7914556,41.2,6034936,31.41
"426","CHL","Chile",2021-04-23,1155902,7582,25641,109,12636055,69461,0.106,9.4,14133135,183643,7954398,41.4,6178737,32.16
"427","CHL","Chile",2021-04-24,1162811,6909,25742,101,12701358,65303,0.106,9.5,14150820,17685,7960146,41.43,6190674,32.22
"428","CHL","Chile",2021-04-25,1169536,6725,25856,114,12769290,67932,0.106,9.4,14151863,1043,7960497,41.43,6191366,32.23
"429","CHL","Chile",2021-04-26,1175614,6078,25975,119,12838319,69029,0.106,9.5,14348583,196720,8003562,41.66,6345021,33.03
"430","CHL","Chile",2021-04-27,1179772,4158,26020,45,12877009,38690,0.106,9.5,14520134,171551,8042584,41.86,6477550,33.72
"431","CHL","Chile",2021-04-28,1184271,4499,26073,53,12908612,31603,0.105,9.5,14689279,169145,8086081,42.09,6603198,34.37
"432","CHL","Chile",2021-04-29,1190991,6720,26247,174,12971851,63239,0.105,9.5,14844695,155416,8116947,42.25,6727748,35.02
"433","CHL","Chile",2021-04-30,1198245,7254,26353,106,13043653,71802,0.104,9.6,14932568,87873,8167884,42.51,6764684,35.21
"434","CHL","Chile",2021-05-01,1203755,5510,26457,104,13108016,64363,0.101,9.9,14934868,2300,8168976,42.52,6765892,35.22
"435","CHL","Chile",2021-05-02,1210920,7165,26561,104,13174741,66725,0.102,9.8,14936334,1466,8169775,42.52,6766559,35.22
"436","CHL","Chile",2021-05-03,1215815,4895,26659,98,13235478,60737,0.101,9.9,15088219,151885,8245782,42.92,6842437,35.61
"437","CHL","Chile",2021-05-04,1219064,3249,26696,37,13265328,29850,0.101,9.9,15257926,169707,8326840,43.34,6931086,36.08
"438","CHL","Chile",2021-05-05,1222949,3885,26726,30,13295859,30531,0.1,10,15433084,175158,8408336,43.77,7024748,36.56
"439","CHL","Chile",2021-05-06,1229248,6299,26895,169,13358675,62816,0.099,10.1,15591369,158285,8489925,44.19,7101444,36.96
"440","CHL","Chile",2021-05-07,1235778,6530,27004,109,13424145,65470,0.099,10.1,15739349,147980,8574009,44.63,7165340,37.3
"441","CHL","Chile",2021-05-08,1241976,6198,27101,97,13487140,62995,0.101,9.9,15764943,25594,8591393,44.72,7173550,37.34
"442","CHL","Chile",2021-05-09,1247469,5493,27218,117,13549184,62044,0.098,10.2,15766348,1405,8592353,44.72,7173995,37.34
"443","CHL","Chile",2021-05-10,1252808,5339,27318,100,13615534,66350,0.097,10.3,15940075,173727,8695655,45.26,7244420,37.71
"444","CHL","Chile",2021-05-11,1256546,3738,27356,38,13652933,37399,0.097,10.3,16132853,192778,8803063,45.82,7329790,38.15
"445","CHL","Chile",2021-05-12,1260448,3902,27384,28,13681335,28402,0.097,10.3,16316226,183373,8907907,46.37,7408319,38.56
"446","CHL","Chile",2021-05-13,1266601,6153,27520,136,13742311,60976,0.097,10.3,16473921,157695,9004917,46.87,7469004,38.88
"447","CHL","Chile",2021-05-14,1273516,6915,27647,127,13808229,65918,0.098,10.2,16633416,159495,9108156,47.41,7525260,39.17
"448","CHL","Chile",2021-05-15,1280252,6736,27734,87,13873541,65312,0.099,10.1,16634873,1457,9109206,47.41,7525667,39.17
"449","CHL","Chile",2021-05-16,1286548,6296,27832,98,13939427,65886,0.1,10,16635309,436,9109471,47.41,7525838,39.17
"450","CHL","Chile",2021-05-17,1292096,5548,27934,102,14005679,66252,0.101,9.9,16806981,171672,9234057,48.06,7572924,39.42
"451","CHL","Chile",2021-05-18,1295862,3766,27965,31,14035907,30228,0.103,9.7,16990788,183807,9370157,48.77,7620631,39.67
"452","CHL","Chile",2021-05-19,1300629,4767,27997,32,14068377,32470,0.104,9.6,17157805,167017,9495901,49.43,7661904,39.88
"453","CHL","Chile",2021-05-20,1308311,7682,28169,172,14137098,68721,0.106,9.5,17349657,191852,9624390,50.09,7725267,40.21
"454","CHL","Chile",2021-05-21,1315913,7602,28290,121,14205256,68158,0.107,9.4,17359322,9665,9632692,50.14,7726630,40.22
"455","CHL","Chile",2021-05-22,1323413,7500,28386,96,14275657,70401,0.107,9.3,17392435,33113,9659521,50.28,7732914,40.25
"456","CHL","Chile",2021-05-23,1329918,6505,28518,132,14340996,65339,0.108,9.3,17396721,4286,9663218,50.3,7733503,40.25
"457","CHL","Chile",2021-05-24,1335261,5343,28548,30,14384798,43802,0.114,8.8,17633718,236997,9839074,51.21,7794644,40.57
"458","CHL","Chile",2021-05-25,1339421,4160,28585,37,14418336,33538,0.114,8.8,17880512,246794,10028932,52.2,7851580,40.87
"459","CHL","Chile",2021-05-26,1344618,5197,28624,39,14450725,32389,0.115,8.7,18109568,229056,10209595,53.14,7899973,41.12
"460","CHL","Chile",2021-05-27,1352723,8105,28809,185,14521001,70276,0.116,8.6,18312793,203225,10376527,54.01,7936266,41.31
"461","CHL","Chile",2021-05-28,1361381,8658,28928,119,14593576,72575,0.117,8.5,18499140,186347,10521969,54.77,7977171,41.52
"462","CHL","Chile",2021-05-29,1369597,8216,29047,119,14668156,74580,0.118,8.5,18546518,47378,10563566,54.98,7982952,41.55
"463","CHL","Chile",2021-05-30,1377507,7910,29168,121,14745204,77048,0.118,8.5,18556612,10094,10572685,55.03,7983927,41.56
"464","CHL","Chile",2021-05-31,1384346,6839,29300,132,14816953,71749,0.114,8.8,18772305,215693,10728713,55.84,8043666,41.87
"465","CHL","Chile",2021-06-01,1389357,5011,29344,44,14860601,43648,0.113,8.9,18993705,221400,10878524,56.62,8125640,42.29
"466","CHL","Chile",2021-06-02,1394973,5616,29385,41,14899682,39081,0.112,8.9,19197926,204221,11010936,57.31,8220767,42.79
"467","CHL","Chile",2021-06-03,1403101,8128,29598,213,14973117,73435,0.111,9,19361736,163810,11106158,57.81,8328972,43.35
"468","CHL","Chile",2021-06-04,1411346,8245,29696,98,15045608,72491,0.111,9,19506952,145216,11182906,58.21,8431805,43.89
"469","CHL","Chile",2021-06-05,1420266,8920,29816,120,15130172,84564,0.11,9.1,19544675,37723,11207565,58.34,8454777,44.01
"470","CHL","Chile",2021-06-06,1427956,7690,29937,121,15213386,83214,0.108,9.3,19549674,4999,11211334,58.35,8457797,44.02
"471","CHL","Chile",2021-06-07,1434884,6928,30058,121,15292214,78828,0.106,9.4,19731114,181440,11292679,58.78,8585359,44.69
"472","CHL","Chile",2021-06-08,1440417,5533,30104,46,15344524,52310,0.106,9.5,19915898,184784,11372984,59.2,8709916,45.33
"473","CHL","Chile",2021-06-09,1445768,5351,30141,37,15389651,45127,0.104,9.6,20109589,193691,11466321,59.68,8826999,45.94
"474","CHL","Chile",2021-06-10,1453477,7709,30339,198,15467728,78077,0.102,9.8,20312713,203124,11575816,60.25,8933785,46.5
"475","CHL","Chile",2021-06-11,1461419,7942,30472,133,15550433,82705,0.099,10.1,20491712,178999,11660471,60.69,9032173,47.01
"476","CHL","Chile",2021-06-12,1468992,7573,30579,107,15630608,80175,0.097,10.3,20524222,32510,11683582,60.81,9041965,47.06
"477","CHL","Chile",2021-06-13,1476473,7481,30707,128,15717043,86435,0.096,10.4,20526289,2067,11685054,60.82,9042609,47.07
"478","CHL","Chile",2021-06-14,1482663,6190,30804,97,15790762,73719,0.096,10.4,20747991,221702,11794284,61.39,9159257,47.67
"479","CHL","Chile",2021-06-15,1487239,4576,30865,61,15839858,49096,0.095,10.6,20958768,210777,11883042,61.85,9284954,48.33
"480","CHL","Chile",2021-06-16,1491561,4322,30922,57,15881077,41219,0.093,10.7,21185707,226939,11992580,62.42,9406309,48.96
"481","CHL","Chile",2021-06-17,1498231,6670,31140,218,15962708,81631,0.09,11.1,21369725,184018,12066568,62.81,9519381,49.55
"482","CHL","Chile",2021-06-18,1505001,6770,31259,119,16042992,80284,0.088,11.3,21477007,107282,12130416,63.14,9565191,49.79
"483","CHL","Chile",2021-06-19,1511275,6274,31392,133,16120026,77034,0.086,11.6,21513728,36721,12147264,63.23,9585342,49.89
"484","CHL","Chile",2021-06-20,1517018,5743,31513,121,16192809,72783,0.085,11.7,21517682,3954,12149071,63.24,9587501,49.9
"485","CHL","Chile",2021-06-21,1522223,5205,31645,132,16268657,75848,0.083,12.1,21537411,19729,12156468,63.27,9599911,49.97
"486","CHL","Chile",2021-06-22,1525933,3710,31690,45,16309742,41085,0.082,12.1,21846283,308872,12259855,63.81,9809158,51.06
"487","CHL","Chile",2021-06-23,1528409,2476,31746,56,16337213,27471,0.081,12.4,22097925,251642,12347798,64.27,9985275,51.97
"488","CHL","Chile",2021-06-24,1531872,3463,31797,51,16379341,42128,0.081,12.4,22351136,253211,12459824,64.85,10190028,53.04
"489","CHL","Chile",2021-06-25,1537471,5599,32012,215,16453479,74138,0.079,12.6,22562340,211204,12548111,65.31,10363039,53.94
"490","CHL","Chile",2021-06-26,1542642,5171,32163,151,16526613,73134,0.077,13,22615224,52884,12569264,65.42,10404843,54.16
"491","CHL","Chile",2021-06-27,1547103,4461,32298,135,16598628,72015,0.074,13.5,22620888,5664,12571550,65.43,10409476,54.18
"492","CHL","Chile",2021-06-28,1551137,4034,32454,156,16667819,69191,0.072,13.8,22626494,5606,12574021,65.45,10413837,54.2
"493","CHL","Chile",2021-06-29,1553774,2637,32489,35,16704788,36969,0.07,14.2,22875831,249337,12645854,65.82,10623241,55.29
"494","CHL","Chile",2021-06-30,1555902,2128,32545,56,16731268,26480,0.07,14.3,23080770,204939,12716859,66.19,10780078,56.11
"495","CHL","Chile",2021-07-01,1558557,2655,32588,43,16771566,40298,0.068,14.7,23263521,182751,12817753,66.72,10875943,56.61
"496","CHL","Chile",2021-07-02,1562613,4056,32809,221,16842572,71006,0.065,15.5,23405272,141751,12894663,67.12,10952258,57.01
"497","CHL","Chile",2021-07-03,1566461,3848,32973,164,16914474,71902,0.061,16.3,23443247,37975,12913642,67.22,10974685,57.12
"498","CHL","Chile",2021-07-04,1569784,3323,33103,130,16986387,71913,0.058,17.1,23447755,4508,12916048,67.23,10977188,57.14
"499","CHL","Chile",2021-07-05,1572608,2824,33249,146,17050168,63781,0.056,17.8,23602566,154811,12974210,67.53,11084243,57.69
"500","CHL","Chile",2021-07-06,1574465,1857,33288,39,17086931,36763,0.054,18.5,23732721,130155,13025493,67.8,11170705,58.14
"501","CHL","Chile",2021-07-07,1576336,1871,33328,40,17123932,37001,0.052,19.2,23894836,162115,13104095,68.21,11259015,58.6
"502","CHL","Chile",2021-07-08,1579591,3255,33514,186,17193012,69080,0.05,20,24051471,156635,13166018,68.53,11357593,59.12
"503","CHL","Chile",2021-07-09,1582391,2800,33636,122,17260492,67480,0.047,21.1,24190940,139469,13220525,68.81,11446473,59.58
"504","CHL","Chile",2021-07-10,1585160,2769,33767,131,17326341,65849,0.045,22,24234347,43407,13242103,68.92,11469876,59.7
"505","CHL","Chile",2021-07-11,1587478,2318,33877,110,17391824,65483,0.044,22.9,24239453,5106,13244671,68.94,11472585,59.71
"506","CHL","Chile",2021-07-12,1589623,2145,33980,103,17451455,59631,0.042,23.6,24419165,179712,13297952,69.22,11603104,60.39
"507","CHL","Chile",2021-07-13,1590887,1264,34016,36,17484050,32595,0.041,24.2,24603106,183941,13380999,69.65,11706831,60.93
"508","CHL","Chile",2021-07-14,1592130,1243,34049,33,17516060,32010,0.04,24.8,24765935,162829,13438417,69.95,11814961,61.5
"509","CHL","Chile",2021-07-15,1594496,2366,34207,158,17584758,68698,0.038,26.3,24933216,167281,13515184,70.35,11910781,62
"510","CHL","Chile",2021-07-16,1596549,2053,34309,102,17647840,63082,0.037,27.4,24938034,4818,13517402,70.36,11913478,62.01
"511","CHL","Chile",2021-07-17,1598481,1932,34403,94,17708037,60197,0.035,28.7,24961913,23879,13527831,70.41,11927397,62.08
"512","CHL","Chile",2021-07-18,1599879,1398,34514,111,17761059,53022,0.034,29.8,24964147,2234,13528863,70.42,11928701,62.09
"513","CHL","Chile",2021-07-19,1600883,1004,34539,25,17794927,33868,0.033,30.5,25087479,123332,13579138,70.68,12004393,62.48
"514","CHL","Chile",2021-07-20,1601858,975,34569,30,17823948,29021,0.032,31,25221862,134383,13621061,70.9,12098588,62.97
"515","CHL","Chile",2021-07-21,1602854,996,34611,42,17856325,32377,0.032,31.7,25326687,104825,13655805,71.08,12170071,63.35
"516","CHL","Chile",2021-07-22,1604713,1859,34792,181,17923880,67555,0.03,33.2,25405073,78386,13693244,71.27,12212611,63.57
"517","CHL","Chile",2021-07-23,1606358,1645,34875,83,17985052,61172,0.029,34.4,25521167,116094,13752641,71.58,12270538,63.87
"518","CHL","Chile",2021-07-24,1607749,1391,34958,83,18045869,60817,0.027,36.5,25555769,34602,13777091,71.71,12282116,63.93
"519","CHL","Chile",2021-07-25,1609177,1428,35026,68,18108440,62571,0.027,37.4,25558732,2963,13779195,71.72,12283017,63.93
"520","CHL","Chile",2021-07-26,1610345,1168,35119,93,18163489,55049,0.026,39,25615500,56768,13795612,71.81,12324312,64.15
"521","CHL","Chile",2021-07-27,1611090,745,35151,32,18195337,31848,0.025,40.2,25666555,51055,13805664,71.86,12366092,64.37
"522","CHL","Chile",2021-07-28,1611917,827,35176,25,18229654,34317,0.024,41.2,25701722,35167,13813257,71.9,12394198,64.51
"523","CHL","Chile",2021-07-29,1613288,1371,35295,119,18297548,67894,0.023,43.6,25792011,90289,13822375,71.95,12475846,64.94
"524","CHL","Chile",2021-07-30,1614629,1341,35366,71,18360896,63348,0.022,45.4,25868758,76747,13831009,71.99,12544234,65.29
"525","CHL","Chile",2021-07-31,1615771,1142,35448,82,18421129,60233,0.021,46.8,25879964,11206,13832081,72,12554380,65.35
"526","CHL","Chile",2021-08-01,1616942,1171,35528,80,18485799,64670,0.021,48.6,25880434,470,13832112,72,12554820,65.35
"527","CHL","Chile",2021-08-02,1617852,910,35616,88,18545228,59429,0.02,50.9,26004533,124099,13932552,72.52,12579477,65.48
"528","CHL","Chile",2021-08-03,1618457,605,35640,24,18576354,31126,0.019,51.7,26143492,138959,14046138,73.11,12605703,65.61
"529","CHL","Chile",2021-08-04,1619183,726,35671,31,18609535,33181,0.019,52.3,26208201,64709,14051139,73.14,12665635,65.92
"530","CHL","Chile",2021-08-05,1620389,1206,35806,135,18676801,67266,0.019,53.4,26254492,46291,14054574,73.15,12708673,66.15
"531","CHL","Chile",2021-08-06,1621571,1182,35880,74,18738272,61471,0.018,54.4,26289177,34685,14057734,73.17,12740378,66.31
"532","CHL","Chile",2021-08-07,1622509,938,35951,71,18802145,63873,0.018,56.5,26290343,1166,14057989,73.17,12741304,66.32
"533","CHL","Chile",2021-08-08,1623363,854,36016,65,18862231,60086,0.017,58.6,26290419,76,14058044,73.17,12741325,66.32
"534","CHL","Chile",2021-08-09,1624316,953,36107,91,18919302,57071,0.017,57.9,26388621,98202,14135078,73.57,12762713,66.43
"535","CHL","Chile",2021-08-10,1624823,507,36138,31,18950183,30881,0.017,58.7,26476327,87706,14203303,73.93,12782418,66.53
"536","CHL","Chile",2021-08-11,1625467,644,36157,19,18983026,32843,0.017,59.4,26666902,190575,14206137,73.94,12900220,67.15
"537","CHL","Chile",2021-08-12,1626595,1128,36243,86,19048353,65327,0.017,59.9,26838545,171643,14208554,73.96,12979545,67.56
"538","CHL","Chile",2021-08-13,1627428,833,36287,44,19110783,62430,0.016,63.6,26986740,148195,14210727,73.97,13028666,67.81
"539","CHL","Chile",2021-08-14,1628293,865,36331,44,19171841,61058,0.016,63.9,26991506,4766,14211021,73.97,13029685,67.82
"540","CHL","Chile",2021-08-15,1629192,899,36380,49,19232026,60185,0.016,63.4,26992017,511,14211245,73.97,13029884,67.82
"541","CHL","Chile",2021-08-16,1629932,740,36420,40,19287869,55843,0.015,65.6,27211068,219051,14250139,74.17,13052240,67.94
"542","CHL","Chile",2021-08-17,1630330,398,36438,18,19320505,32636,0.015,67.2,27450384,239316,14287436,74.37,13079025,68.08
"543","CHL","Chile",2021-08-18,1630831,501,36456,18,19353420,32915,0.014,69.1,27640556,190172,14290639,74.38,13157198,68.48
"544","CHL","Chile",2021-08-19,1631689,858,36524,68,19421472,68052,0.014,73.2,27810182,169626,14293670,74.4,13217811,68.8
"545","CHL","Chile",2021-08-20,1632441,752,36566,42,19482660,61188,0.013,74.2,27959978,149796,14296838,74.41,13274171,69.09
"546","CHL","Chile",2021-08-21,1633153,712,36605,39,19543126,60466,0.013,76.4,27966427,6449,14298183,74.42,13277149,69.11
"547","CHL","Chile",2021-08-22,1633816,663,36650,45,19602606,59480,0.012,80.1,27967735,1308,14298876,74.43,13277962,69.11
"548","CHL","Chile",2021-08-23,1634394,578,36688,38,19654566,51960,0.012,82.2,28086742,119007,14328800,74.58,13307695,69.27
"549","CHL","Chile",2021-08-24,1634774,380,36701,13,19683767,29201,0.012,81.7,28205208,118466,14355628,74.72,13330325,69.38
"550","CHL","Chile",2021-08-25,1635173,399,36718,17,19721796,38029,0.012,84.8,28317924,112716,14373478,74.81,13347305,69.47
"551","CHL","Chile",2021-08-26,1635958,785,36778,60,19785781,63985,0.012,85.3,28501178,183254,14376503,74.83,13428053,69.89
"552","CHL","Chile",2021-08-27,1636627,669,36807,29,19846701,60920,0.011,87,28632964,131786,14379300,74.84,13481552,70.17
"553","CHL","Chile",2021-08-28,1637234,607,36841,34,19904398,57697,0.011,88.5,28637080,4116,14380557,74.85,13483716,70.18
"554","CHL","Chile",2021-08-29,1637829,595,36885,44,19960537,56139,0.011,89.2,28637824,744,14381007,74.85,13484231,70.19
"555","CHL","Chile",2021-08-30,1638330,501,36923,38,20009412,48875,0.011,90.2,NA,NA,NA,NA,NA,NA
"556","CHL","Chile",2021-08-31,1638675,345,36937,14,NA,NA,NA,NA,NA,NA,NA,NA,NA,NA
